{"name":"USER","type":"ARM","mode":"STM32F103LIB","toolchain":"AC5","dependenceList":[{"groupName":"custom","depList":[{"name":"default","sourceDirList":[],"libList":[],"incList":["./../CORE","./../STM32F10x_FWLib/inc","./../SYSTEM/delay","./../SYSTEM/sys","./../HARDWARE/LED","./../SYSTEM/USART","./../HARDWARE/KEY","./../HARDWARE/BEEP","./.","./../HARDWARE/TIMER","./../HARDWARE/DHT11","./../HARDWARE/BH1750","./../Gizwits","./../Utils","./../HARDWARE/LCD","./../HARDWARE/AHT10","./../HARDWARE/BMP280","./../HARDWARE/Button","./../HARDWARE/CJSON","./../HARDWARE/ESP8266","./../HARDWARE/MALLOC","./../HARDWARE/EXTI","./RTE/_STM32F103LIB"],"defineList":["STM32F10X_HD","USE_STDPERIPH_DRIVER"]}]}],"compileConfig":{"cpuType":"Cortex-M3","floatingPointHardware":"none","useCustomScatterFile":false,"scatterFilePath":"undefined","storageLayout":{"RAM":[{"tag":"RAM","id":1,"mem":{"startAddr":"0x0","size":"0x0"},"isChecked":false,"noInit":false},{"tag":"RAM","id":2,"mem":{"startAddr":"0x0","size":"0x0"},"isChecked":false,"noInit":false},{"tag":"RAM","id":3,"mem":{"startAddr":"0x0","size":"0x0"},"isChecked":false,"noInit":false},{"tag":"IRAM","id":1,"mem":{"startAddr":"0x20000000","size":"0x10000"},"isChecked":true,"noInit":false},{"tag":"IRAM","id":2,"mem":{"startAddr":"0x0","size":"0x0"},"isChecked":false,"noInit":false}],"ROM":[{"tag":"ROM","id":1,"mem":{"startAddr":"0x0","size":"0x0"},"isChecked":false,"isStartup":false},{"tag":"ROM","id":2,"mem":{"startAddr":"0x0","size":"0x0"},"isChecked":false,"isStartup":false},{"tag":"ROM","id":3,"mem":{"startAddr":"0x0","size":"0x0"},"isChecked":false,"isStartup":false},{"tag":"IROM","id":1,"mem":{"startAddr":"0x8000000","size":"0x80000"},"isChecked":true,"isStartup":true},{"tag":"IROM","id":2,"mem":{"startAddr":"0x0","size":"0x0"},"isChecked":false,"isStartup":false}]},"options":"null"},"uploader":"JLink","srcDirs":["./.eide/deps"],"virtualFolder":{"name":"<virtual_root>","files":[],"folders":[{"name":"Application","files":[{"path":"main.c"},{"path":"stm32f10x_it.c"},{"path":"system_stm32f10x.c"}],"folders":[]},{"name":"BoardHardware","files":[{"path":"../HARDWARE/AHT10/AHT10.C"},{"path":"../HARDWARE/BEEP/beep.c"},{"path":"../HARDWARE/BH1750/bh1750.c"},{"path":"../HARDWARE/BMP280/BMP280.c"},{"path":"../HARDWARE/DHT11/dht11.c"},{"path":"../HARDWARE/KEY/key.c"},{"path":"../HARDWARE/LCD/LCD.C"},{"path":"../HARDWARE/LCD/Picture.c"},{"path":"../HARDWARE/LED/led.c"},{"path":"../HARDWARE/TIMER/timer.c"}],"folders":[]},{"name":"FwlibLibraries","files":[{"path":"../STM32F10x_FWLib/src/misc.c"},{"path":"../STM32F10x_FWLib/src/stm32f10x_gpio.c"},{"path":"../STM32F10x_FWLib/src/stm32f10x_dbgmcu.c"},{"path":"../STM32F10x_FWLib/src/stm32f10x_rcc.c"},{"path":"../STM32F10x_FWLib/src/stm32f10x_usart.c"},{"path":"../STM32F10x_FWLib/src/stm32f10x_tim.c"},{"path":"../STM32F10x_FWLib/src/stm32f10x_adc.c"},{"path":"../STM32F10x_FWLib/src/stm32f10x_iwdg.c"},{"path":"../STM32F10x_FWLib/src/stm32f10x_wwdg.c"},{"path":"../STM32F10x_FWLib/src/stm32f10x_spi.c"},{"path":"../STM32F10x_FWLib/src/stm32f10x_bkp.c"},{"path":"../STM32F10x_FWLib/src/stm32f10x_can.c"},{"path":"../STM32F10x_FWLib/src/stm32f10x_cec.c"},{"path":"../STM32F10x_FWLib/src/stm32f10x_crc.c"},{"path":"../STM32F10x_FWLib/src/stm32f10x_dac.c"},{"path":"../STM32F10x_FWLib/src/stm32f10x_dma.c"},{"path":"../STM32F10x_FWLib/src/stm32f10x_exti.c"},{"path":"../STM32F10x_FWLib/src/stm32f10x_flash.c"},{"path":"../STM32F10x_FWLib/src/stm32f10x_fsmc.c"},{"path":"../STM32F10x_FWLib/src/stm32f10x_i2c.c"},{"path":"../STM32F10x_FWLib/src/stm32f10x_pwr.c"},{"path":"../STM32F10x_FWLib/src/stm32f10x_rtc.c"},{"path":"../STM32F10x_FWLib/src/stm32f10x_sdio.c"}],"folders":[]},{"name":"Gizwits","files":[{"path":"../Gizwits/gizwits_product.c"},{"path":"../Gizwits/gizwits_protocol.c"}],"folders":[]},{"name":"Kernel","files":[{"path":"../CORE/core_cm3.c"},{"path":"../CORE/startup_stm32f10x_hd.s"}],"folders":[]},{"name":"SystemLibraries","files":[{"path":"../SYSTEM/delay/delay.c"},{"path":"../SYSTEM/sys/sys.c"},{"path":"../SYSTEM/USART/USART.C"}],"folders":[]},{"name":"ThirdPartyLibraries","files":[{"path":"../HARDWARE/CJSON/cJSON.c"},{"path":"../HARDWARE/ESP8266/wea_esp8266.c"},{"path":"../HARDWARE/MALLOC/malloc.c"},{"path":"../HARDWARE/EXTI/exti.c"}],"folders":[]},{"name":"Utils","files":[{"path":"../Utils/common.c"},{"path":"../Utils/dataPointTools.c"},{"path":"../Utils/ringbuffer.c"}],"folders":[]}]},"excludeList":[],"outDir":"build","deviceName":null,"packDir":null,"uploadConfig":{"bin":"","baseAddr":"0x08000000","cpuInfo":{"vendor":"ST","cpuName":"STM32F103C8"},"proType":1,"speed":8000,"otherCmds":""},"uploadConfigMap":{},"miscInfo":{"uid":"fdacef6785671b901bd4c4fbcc84d605"},"targets":{"STM32F103LIB":{"compileConfig":{"cpuType":"Cortex-M3","floatingPointHardware":"none","useCustomScatterFile":true,"scatterFilePath":"undefined","storageLayout":{"RAM":[{"tag":"RAM","id":1,"mem":{"startAddr":"0x0","size":"0x0"},"isChecked":false,"noInit":false},{"tag":"RAM","id":2,"mem":{"startAddr":"0x0","size":"0x0"},"isChecked":false,"noInit":false},{"tag":"RAM","id":3,"mem":{"startAddr":"0x0","size":"0x0"},"isChecked":false,"noInit":false},{"tag":"IRAM","id":1,"mem":{"startAddr":"0x20000000","size":"0x30000"},"isChecked":true,"noInit":false},{"tag":"IRAM","id":2,"mem":{"startAddr":"0x0","size":"0x0"},"isChecked":false,"noInit":false}],"ROM":[{"tag":"ROM","id":1,"mem":{"startAddr":"0x0","size":"0x0"},"isChecked":false,"isStartup":false},{"tag":"ROM","id":2,"mem":{"startAddr":"0x0","size":"0x0"},"isChecked":false,"isStartup":false},{"tag":"ROM","id":3,"mem":{"startAddr":"0x0","size":"0x0"},"isChecked":false,"isStartup":false},{"tag":"IROM","id":1,"mem":{"startAddr":"0x8000000","size":"0x80000"},"isChecked":true,"isStartup":true},{"tag":"IROM","id":2,"mem":{"startAddr":"0x0","size":"0x0"},"isChecked":false,"isStartup":false}]},"options":"null"},"uploader":"JLink","uploadConfig":{"bin":"","baseAddr":"0x08000000","cpuInfo":{"vendor":"ST","cpuName":"STM32F103C8"},"proType":1,"speed":8000,"otherCmds":""},"uploadConfigMap":{},"toolchain":"AC5","custom_dep":{"name":"default","sourceDirList":[],"libList":[],"incList":["../CORE","../STM32F10x_FWLib/inc","../SYSTEM/delay","../SYSTEM/sys","../HARDWARE/LED","../SYSTEM/USART","../HARDWARE/KEY","../HARDWARE/BEEP",".","../HARDWARE/TIMER","../HARDWARE/DHT11","../HARDWARE/BH1750","../Gizwits","../Utils","../HARDWARE/LCD","../HARDWARE/AHT10","../HARDWARE/BMP280","../HARDWARE/Button","../HARDWARE/CJSON","../HARDWARE/ESP8266","../HARDWARE/MALLOC","../HARDWARE/EXTI","RTE/_STM32F103LIB"],"defineList":["STM32F10X_HD","USE_STDPERIPH_DRIVER"]},"excludeList":[]}},"version":"3.1"}